Column1,Column2,Column3
0.0,93.0601181701299,50.0601181701299
0.925731480121613,92.875166200704,49.875166200704
1.85146296024323,92.9790763647541,49.97907636475411
2.77719444036484,92.9020218160535,49.902021816053505
3.70292592048645,92.8968629854298,49.896862985429806
4.62865740060806,92.3900384436561,49.390038443656096
5.55438888072968,92.2072319833238,49.207231983323794
6.48012036085129,92.3525965081322,49.352596508132194
7.4058518409729,91.1341523775418,48.134152377541795
8.33158332109451,91.4359580373504,48.4359580373504
9.25731480121613,91.6464597305839,48.6464597305839
10.1830462813377,91.425501248995,48.425501248995005
11.1087777614594,91.5956356369129,48.5956356369129
12.034509241581,92.2629878728464,49.262987872846395
12.9602407217026,92.6388687751481,49.6388687751481
13.8859722018242,92.9471514168949,49.9471514168949
14.8117036819458,93.0997298412849,50.0997298412849
15.7374351620674,92.9063628810368,49.9063628810368
16.663166642189,92.2575758805547,49.2575758805547
17.5888981223106,91.6696063464182,48.669606346418206
18.5146296024323,92.0583408260168,49.0583408260168
19.4403610825539,92.1900154656473,49.190015465647306
20.3660925626755,92.0103806172348,49.0103806172348
21.2918240427971,91.9543509096706,48.954350909670595
22.2175555229187,92.122254460216,49.122254460216
23.1432870030403,92.607085203172,49.607085203172005
24.0690184831619,91.6734134628757,48.6734134628757
24.9947499632835,92.1389101057308,49.1389101057308
25.9204814434052,91.6629047584142,48.6629047584142
26.8462129235268,91.8159335811509,48.8159335811509
27.7719444036484,91.8268211114134,48.826821111413395
28.69767588377,91.8787498425769,48.878749842576894
29.6234073638916,92.0442981386464,49.0442981386464
30.5491388440132,91.9364480863981,48.9364480863981
31.4748703241348,92.148231738808,49.14823173880799
32.4006018042564,92.1425454434222,49.14254544342219
33.3263332843781,92.241747160884,49.241747160884
34.2520647644997,92.434338984146,49.434338984145995
35.1777962446213,92.5206968366811,49.5206968366811
36.1035277247429,92.7128058779636,49.7128058779636
37.0292592048645,93.0974893076636,50.097489307663594
37.9549906849861,92.8584153871762,49.858415387176194
38.8807221651077,92.9544516995825,49.954451699582506
39.8064536452293,92.9600273127821,49.9600273127821
40.732185125351,92.8492383992484,49.84923839924841
41.6579166054726,92.5649252881043,49.564925288104305
42.5836480855942,92.0875229148032,49.0875229148032
43.5093795657158,91.8923698101508,48.8923698101508
44.4351110458374,91.9866280126593,48.986628012659295
45.360842525959,92.51847162986451,49.51847162986451
46.2865740060806,92.6117351146415,49.611735114641505
47.2123054862022,92.6082539857658,49.6082539857658
48.1380369663239,92.5510589051446,49.5510589051446
49.0637684464455,92.4732336554389,49.473233655438904
49.9894999265671,92.5666047033845,49.5666047033845
50.9152314066887,92.5616453922376,49.561645392237594
51.8409628868103,92.477745044834,49.477745044833995
52.7666943669319,92.2595389285864,49.259538928586394
53.6924258470535,92.2019965669565,49.201996566956495
54.6181573271751,91.7282353982279,48.728235398227895
55.5438888072968,92.2348525448359,49.2348525448359
56.4696202874184,92.4221613000399,49.4221613000399
57.39535176754,92.2465282592438,49.2465282592438
58.3210832476616,92.0412351891622,49.041235189162194
59.2468147277832,91.940206509924,48.940206509923996
60.1725462079048,91.8310990706452,48.831099070645195
61.0982776880264,91.6719900733722,48.6719900733722
62.024009168148,91.5632332479399,48.563233247939905
62.9497406482697,92.6031517860829,49.603151786082904
63.8754721283913,92.8999544406602,49.899954440660196
64.8012036085129,92.7203730076788,49.7203730076788
65.7269350886345,92.8836085042048,49.8836085042048
66.6526665687561,92.6956303240375,49.695630324037495
67.5783980488777,92.6552751593878,49.6552751593878
68.5041295289993,91.6080082720343,48.6080082720343
69.4298610091209,91.6082728833095,48.608272883309496
70.3555924892426,91.6861950546247,48.686195054624704
71.2813239693642,91.9969933470152,48.996993347015206
72.2070554494858,93.0255127758039,50.025512775803904
73.1327869296074,91.8352456610982,48.8352456610982
74.058518409729,92.0068935828244,49.006893582824404
74.9842498898506,91.9348192018191,48.934819201819096
75.9099813699722,91.8352931363975,48.835293136397496
76.8357128500938,92.0297411117211,49.029741111721094
77.7614443302155,92.6308889459768,49.63088894597681
78.6871758103371,92.9623493093717,49.9623493093717
79.6129072904587,93.2213727550154,50.221372755015395
80.5386387705803,93.0540743567387,50.054074356738695
81.4643702507019,92.5391068741895,49.5391068741895
82.3901017308235,92.5360153061701,49.5360153061701
83.3158332109451,91.3790058797224,48.3790058797224
84.2415646910667,92.0054099785185,49.0054099785185
85.1672961711884,91.3619163116992,48.361916311699204
86.09302765131,92.517393629687,49.51739362968701
87.0187591314316,91.6135839877376,48.6135839877376
87.9444906115532,91.6424347805717,48.642434780571705
88.8702220916748,91.4710630221224,48.471063022122394
89.7959535717964,91.1836463758044,48.1836463758044
90.721685051918,91.4863789577343,48.4863789577343
91.6474165320396,91.5969045425852,48.59690454258519
92.5731480121613,90.7738476805969,47.7738476805969
93.4988794922829,91.3008960324551,48.3008960324551
94.4246109724045,90.8924731556644,47.892473155664405
95.3503424525261,91.2386272110721,48.2386272110721
96.2760739326477,91.503217678297,48.503217678297005
97.2018054127693,91.8600348405068,48.8600348405068
98.1275368928909,91.7368775478383,48.736877547838304
99.0532683730125,91.7243256944748,48.7243256944748
99.9789998531342,91.8564514372052,48.856451437205195
100.904731333256,91.9409907626638,48.9409907626638
101.830462813377,91.769923450169,48.769923450169
102.756194293499,91.8508078933081,48.8508078933081
103.681925773621,91.9460891264572,48.946089126457196
104.607657253742,91.1047051090624,48.104705109062394
105.533388733864,91.4955186606352,48.4955186606352
106.459120213985,91.4959849753361,48.4959849753361
107.384851694107,91.8876466901904,48.887646690190394
108.310583174229,91.9142892942169,48.9142892942169
109.23631465435,91.8014904259844,48.8014904259844
110.162046134472,92.5161209927748,49.5161209927748
111.087777614594,92.793116714869,49.793116714869
112.013509094715,91.972692750227,48.972692750227
112.939240574837,91.7578667795113,48.7578667795113
113.864972054958,91.7863527310458,48.786352731045795
114.79070353508,91.4046846151643,48.4046846151643
115.716435015202,91.8859191708443,48.8859191708443
116.642166495323,91.6927330844144,48.6927330844144
117.567897975445,91.6077642538684,48.607764253868396
118.493629455566,91.8909509611823,48.8909509611823
119.419360935688,91.2924334080607,48.2924334080607
120.34509241581,91.3733916915078,48.373391691507805
121.270823895931,92.2150950956228,49.2150950956228
122.196555376053,92.6061735543366,49.60617355433661
123.122286856174,92.6024227093684,49.6024227093684
124.048018336296,91.6377032915,48.6377032915
124.973749816418,92.0387073529923,49.038707352992304
125.899481296539,91.2010469032671,48.2010469032671
126.825212776661,91.2826405158287,48.2826405158287
127.750944256783,91.6756304749464,48.6756304749464
128.676675736904,91.1475972137045,48.1475972137045
129.602407217026,91.8186243933205,48.818624393320505
130.528138697147,91.3700860029665,48.3700860029665
131.453870177269,92.7316898232049,49.7316898232049
132.379601657391,92.1227946521383,49.122794652138296
133.305333137512,91.9152679807477,48.9152679807477
134.231064617634,91.1911114916017,48.1911114916017
135.156796097755,91.2725286633789,48.27252866337891
136.082527577877,91.0786668474218,48.0786668474218
137.008259057999,91.2577354473571,48.257735447357106
137.93399053812,91.1319555521923,48.131955552192295
138.859722018242,91.4628405628688,48.462840562868806
139.785453498363,91.312825173613,48.31282517361301
140.711184978485,91.4234359049368,48.423435904936795
141.636916458607,91.3037875812141,48.303787581214095
142.562647938728,91.9672466184944,48.9672466184944
143.48837941885,92.7305967322843,49.7305967322843
144.414110898972,92.6728708610263,49.6728708610263
145.339842379093,92.5858477042566,49.585847704256594
146.265573859215,92.5522469108082,49.55224691080819
147.191305339336,92.4856235661731,49.4856235661731
148.117036819458,92.7134429936241,49.7134429936241
149.04276829958,92.4355128692135,49.4355128692135
149.968499779701,92.0333281723679,49.0333281723679
150.894231259823,92.0268837932954,49.0268837932954
151.819962739944,91.9692976728587,48.9692976728587
152.745694220066,92.00397921443,49.003979214430004
153.671425700188,92.3772985806872,49.377298580687196
154.597157180309,92.2341521100128,49.2341521100128
155.522888660431,92.219620549782,49.21962054978199
156.448620140553,92.3908029329075,49.390802932907505
157.374351620674,92.8610271644188,49.8610271644188
158.300083100796,92.7630804843133,49.763080484313306
159.225814580917,92.8550192119703,49.8550192119703
160.151546061039,92.5574488320058,49.557448832005804
161.077277541161,92.3222096930431,49.322209693043106
162.003009021282,92.1703362169426,49.1703362169426
162.928740501404,92.3567520270386,49.356752027038596
163.854471981525,92.1392095457837,49.1392095457837
164.780203461647,92.2073756238395,49.207375623839496
165.705934941769,92.5884444539172,49.588444453917205
166.63166642189,92.8695133311804,49.8695133311804
167.557397902012,92.2627435672492,49.2627435672492
168.483129382133,92.5422863550489,49.5422863550489
169.408860862255,92.0657994320231,49.0657994320231
170.334592342377,91.8630484502035,48.86304845020349
171.260323822498,92.0396936891188,49.039693689118806
172.18605530262,91.6699227913849,48.669922791384906
173.111786782742,91.670054859522,48.670054859522
174.037518262863,91.938967065938,48.938967065938
174.963249742985,92.1445674507093,49.1445674507093
175.888981223106,92.71297730061,49.71297730061001
176.814712703228,92.9356042249041,49.9356042249041
177.74044418335,92.8361335491904,49.83613354919039
178.666175663471,92.7297502581719,49.729750258171904
179.591907143593,92.9083192597923,49.90831925979229
180.517638623714,92.6676570891881,49.6676570891881
181.443370103836,92.3923338650531,49.392333865053104
182.369101583958,92.3754832149756,49.3754832149756
183.294833064079,92.0852326540027,49.085232654002695
184.220564544201,92.0150367861838,49.0150367861838
185.146296024323,91.541840624043,48.541840624043004
186.072027504444,91.7813332594819,48.7813332594819
186.997758984566,91.980871904437,48.980871904436995
187.923490464687,92.1553059309678,49.1553059309678
188.849221944809,92.4783291918378,49.4783291918378
189.774953424931,92.5526309165577,49.5526309165577
190.700684905052,92.0498124252309,49.0498124252309
191.626416385174,91.4152688052807,48.415268805280704
192.552147865295,91.4439691686798,48.4439691686798
193.477879345417,91.4672490206555,48.4672490206555
194.403610825539,91.4215966756198,48.421596675619796
195.32934230566,91.8275255820424,48.8275255820424
196.255073785782,91.8457782005528,48.8457782005528
197.180805265903,91.6767368785196,48.676736878519606
198.106536746025,91.6820973578581,48.6820973578581
199.032268226147,91.7805569786496,48.7805569786496
199.957999706268,91.8460512753264,48.8460512753264
200.88373118639,92.1154336939013,49.115433693901295
201.809462666512,91.7623923474723,48.7623923474723
202.735194146633,91.5186829070116,48.518682907011595
203.660925626755,91.4919563563673,48.4919563563673
204.586657106876,91.1857625442063,48.1857625442063
205.512388586998,90.993927766621,47.993927766621
206.43812006712,90.8920782586876,47.892078258687604
207.363851547241,90.8954023899108,47.8954023899108
208.289583027363,91.5606179798123,48.56061797981231
209.215314507484,91.3538171895148,48.3538171895148
210.141045987606,92.5479410826282,49.5479410826282
211.066777467728,92.4745356304951,49.4745356304951
211.992508947849,92.5885940572528,49.588594057252806
212.918240427971,92.5727202352624,49.572720235262395
213.843971908092,93.038952962416,50.038952962416005
214.769703388214,92.8221315513272,49.8221315513272
215.695434868336,92.8965030581367,49.8965030581367
216.621166348457,92.5112871965293,49.511287196529295
217.546897828579,92.320089775801,49.320089775800994
218.472629308701,92.3804982836024,49.38049828360241
219.398360788822,92.1771365625032,49.17713656250319
220.324092268944,92.3629967529158,49.362996752915805
221.249823749065,92.4264221138103,49.426422113810304
222.175555229187,92.4331875876584,49.433187587658395
223.101286709309,92.1249637541589,49.1249637541589
224.02701818943,92.0210233724567,49.021023372456696
224.952749669552,91.8019268638441,48.8019268638441
225.878481149673,91.9010554899726,48.901055489972606
226.804212629795,91.6039027375306,48.6039027375306
227.729944109917,92.3837444386631,49.3837444386631
228.655675590038,91.1684144628419,48.168414462841895
229.58140707016,91.5792936143163,48.5792936143163
230.507138550282,91.6655366292382,48.665536629238204
231.432870030403,92.0833101223332,49.0833101223332
232.358601510525,92.1426760285913,49.142676028591296
233.284332990646,92.048120768259,49.048120768259
234.210064470768,92.8399276291357,49.8399276291357
235.13579595089,92.6528451004398,49.652845100439805
236.061527431011,92.6551130219792,49.655113021979204
236.987258911133,92.5338329265048,49.5338329265048
237.912990391254,92.2660784085723,49.2660784085723
238.838721871376,92.3438524221309,49.343852422130894
239.764453351498,92.5421194112702,49.54211941127021
240.690184831619,92.6320966557976,49.632096655797596
241.615916311741,92.2340360969486,49.2340360969486
242.541647791862,92.393242423117,49.393242423117
243.467379271984,92.8014099385368,49.80140993853681
244.393110752106,92.5822667489535,49.5822667489535
245.318842232227,92.5894055890699,49.5894055890699
246.244573712349,91.9632748933332,48.96327489333321
247.170305192471,91.6820730405666,48.68207304056661
248.096036672592,91.6552524240005,48.655252424000494
249.021768152714,91.6558836604152,48.6558836604152
249.947499632835,91.2613799517481,48.2613799517481
250.873231112957,91.4655239114943,48.4655239114943
251.798962593079,91.6858277330396,48.6858277330396
252.7246940732,91.581098410467,48.58109841046701
253.650425553322,91.7650094898133,48.765009489813295
254.576157033443,91.8569191423412,48.8569191423412
255.501888513565,92.0613426360616,49.061342636061596
256.427619993687,92.5431134950366,49.54311349503659
257.353351473808,92.7411209237857,49.7411209237857
258.27908295393,92.7192656119046,49.7192656119046
259.204814434052,92.7211012359664,49.7211012359664
260.130545914173,92.8264255665721,49.8264255665721
261.056277394295,92.2976921621072,49.2976921621072
261.982008874416,92.1202443262321,49.1202443262321
262.907740354538,92.0746937473855,49.074693747385496
263.83347183466,92.8774490338225,49.8774490338225
264.759203314781,93.0177000572004,50.0177000572004
265.684934794903,92.831455082919,49.83145508291901
266.610666275024,92.4136668919468,49.413666891946804
267.536397755146,92.2850125633927,49.2850125633927
268.462129235268,92.742127646146,49.742127646146
269.387860715389,92.9220707798842,49.922070779884194
270.313592195511,93.1834488330707,50.1834488330707
271.239323675632,91.7792898324012,48.779289832401204
272.165055155754,91.7429823034927,48.742982303492695
273.090786635876,91.7224309406957,48.7224309406957
274.016518115997,91.5022639033951,48.502263903395104
274.942249596119,92.3840341093815,49.3840341093815
275.867981076241,92.3929194509195,49.39291945091951
276.793712556362,92.5771193732765,49.5771193732765
277.719444036484,92.4570912901137,49.457091290113695
278.645175516605,92.4271306394748,49.4271306394748
279.570906996727,91.8517279477841,48.8517279477841
280.496638476849,91.6342368147055,48.6342368147055
281.42236995697,92.0549863145015,49.054986314501505
282.348101437092,91.7833523115133,48.7833523115133
283.273832917213,92.6761744120804,49.6761744120804
284.199564397335,92.480941931691,49.48094193169101
285.125295877457,92.8397589776041,49.839758977604106
286.051027357578,92.9164264311451,49.9164264311451
286.9767588377,92.5918203477459,49.591820347745895
287.902490317822,92.5613701364087,49.5613701364087
288.828221797943,92.558443506242,49.558443506242
289.753953278065,92.5748285859321,49.574828585932096
290.679684758186,92.5879670675748,49.587967067574795
291.605416238308,92.7690642371919,49.7690642371919
292.53114771843,92.7299650922773,49.7299650922773
293.456879198551,91.9493076881544,48.949307688154406
294.382610678673,92.2890747168715,49.2890747168715
295.308342158794,93.0605862957908,50.0605862957908
296.234073638916,92.0112936220894,49.0112936220894
297.159805119038,92.4844992878485,49.48449928784849
298.085536599159,92.1397420723165,49.139742072316494
299.011268079281,91.9658879271239,48.9658879271239
299.936999559402,91.9528158766223,48.952815876622296
300.862731039524,92.2237987961763,49.2237987961763
301.788462519646,92.4408126856,49.440812685599994
302.714193999767,92.6297449177101,49.6297449177101
303.639925479889,92.5534911928324,49.5534911928324
304.565656960011,92.7890396770297,49.789039677029706
305.491388440132,92.7245820078912,49.7245820078912
306.417119920254,91.8200875228268,48.820087522826796
307.342851400375,92.5142563100318,49.5142563100318
308.268582880497,91.5714678362068,48.57146783620681
309.194314360619,91.5557123561753,48.555712356175306
310.12004584074,92.130865022346,49.130865022346
311.045777320862,91.8940245262369,48.894024526236905
311.971508800983,92.2892630745626,49.2892630745626
312.897240281105,92.5228779882782,49.522877988278196
313.822971761227,92.9478337563563,49.9478337563563
314.748703241348,92.6281280682341,49.628128068234105
315.67443472147,93.1429619837844,50.1429619837844
316.600166201591,92.8684102075151,49.8684102075151
317.525897681713,92.7492489567023,49.7492489567023
318.451629161835,92.7270040261968,49.727004026196795
319.377360641956,92.5684646725811,49.5684646725811
320.303092122078,92.599830060328,49.599830060328
321.2288236022,92.5610585914288,49.561058591428804
322.154555082321,92.6131606066899,49.6131606066899
323.080286562443,92.290658846939,49.290658846938996
324.006018042564,92.9640397072945,49.9640397072945
324.931749522686,92.8760308696477,49.87603086964771
325.857481002808,92.3644942084581,49.3644942084581
326.783212482929,92.5935946430633,49.5935946430633
327.708943963051,92.3151040369819,49.31510403698189
328.634675443172,92.3042398525314,49.304239852531396
329.560406923294,92.231038881209,49.231038881209
330.486138403416,92.4445192089062,49.4445192089062
331.411869883537,92.4507938149187,49.4507938149187
332.337601363659,92.5107136903257,49.5107136903257
333.263332843781,92.6899475776907,49.6899475776907
334.189064323902,92.9784418206322,49.9784418206322
335.114795804024,92.6824857531449,49.6824857531449
336.040527284145,92.567557944001,49.567557944000995
336.966258764267,93.5213829693988,50.5213829693988
337.891990244389,93.2227410226022,50.22274102260219
338.81772172451,93.134236335348,50.13423633534801
339.743453204632,94.1714489396887,51.1714489396887
340.669184684753,93.9336676810632,50.9336676810632
341.594916164875,93.0063610961525,50.0063610961525
342.520647644997,93.3771772011533,50.3771772011533
343.446379125118,93.2561988147201,50.25619881472009
344.37211060524,92.8073309816161,49.807330981616104
345.297842085361,92.970585807942,49.970585807942
346.223573565483,92.9455552372045,49.9455552372045
347.149305045605,92.722202423392,49.722202423392005
348.075036525726,92.724420518452,49.72442051845201
349.000768005848,92.8156323172921,49.8156323172921
349.92649948597,92.7694541404706,49.7694541404706
350.852230966091,93.0598963250508,50.0598963250508
351.777962446213,92.5035102502026,49.503510250202595
352.703693926334,92.3486286201975,49.3486286201975
353.629425406456,92.6072542423669,49.607254242366906
354.555156886578,93.3605099361842,50.3605099361842
355.480888366699,92.9571435752845,49.957143575284505
356.406619846821,93.0590608432883,50.05906084328829
357.332351326942,93.186464789298,50.186464789298
358.258082807064,93.0743042470717,50.074304247071694
359.183814287186,92.5439356764466,49.543935676446594
360.109545767307,93.2157651363858,50.2157651363858
361.035277247429,93.3549931977872,50.354993197787195
361.961008727551,92.9429421907705,49.942942190770495
362.886740207672,92.8429569039798,49.8429569039798
363.812471687794,93.4266071255308,50.42660712553079
364.738203167915,93.5774126390265,50.577412639026505
365.663934648037,93.3781269440734,50.3781269440734
366.589666128159,92.4999500956632,49.499950095663195
367.51539760828,92.5145079644799,49.514507964479904
368.441129088402,92.4995079914023,49.4995079914023
369.366860568523,92.4915939934497,49.4915939934497
370.292592048645,92.4004426502433,49.400442650243306
371.218323528767,92.4403435658719,49.4403435658719
372.144055008888,92.4359089178034,49.4359089178034
373.06978648901,92.3199195829163,49.3199195829163
373.995517969131,92.5488831936147,49.5488831936147
374.921249449253,92.887512330164,49.887512330164
375.846980929375,93.2086985315259,50.2086985315259
376.772712409496,92.8935079341799,49.893507934179894
377.698443889618,92.6555727705223,49.6555727705223
378.62417536974,93.4924802451743,50.492480245174306
379.549906849861,93.2717303947815,50.2717303947815
380.475638329983,93.4587835561219,50.4587835561219
381.401369810104,93.4139929468417,50.4139929468417
382.327101290226,93.4004601441537,50.4004601441537
383.252832770348,93.4960603726187,50.4960603726187
384.178564250469,93.7714123238418,50.7714123238418
385.104295730591,92.9596220983686,49.9596220983686
386.030027210712,92.2295140680089,49.229514068008896
386.955758690834,91.9146779380175,48.914677938017505
387.881490170956,91.4686292384344,48.4686292384344
388.807221651077,91.1633668957008,48.163366895700804
389.732953131199,90.4104924666684,47.4104924666684
390.65868461132,89.7849395045463,46.7849395045463
391.584416091442,90.3075434076081,47.307543407608094
392.510147571564,89.7173697210804,46.7173697210804
393.435879051685,89.5460742480343,46.5460742480343
394.361610531807,90.2960521812926,47.296052181292595
395.287342011929,90.3301129147989,47.3301129147989
396.21307349205,89.1849699622151,46.184969962215106
397.138804972172,89.7548712878582,46.754871287858194
398.064536452293,89.334891617365,46.334891617365
398.990267932415,90.1897914352243,47.18979143522429
399.915999412537,89.6005969681429,46.600596968142895
400.841730892658,90.2620198248938,47.2620198248938
401.76746237278,90.9902841115576,47.9902841115576
402.693193852901,91.0899941198928,48.08999411989279
403.618925333023,91.2631275559194,48.2631275559194
404.544656813145,91.4833704216197,48.483370421619696
405.470388293266,90.8155182452006,47.81551824520059
406.396119773388,88.8925751984596,45.892575198459596
407.32185125351,89.3424024198233,46.3424024198233
408.247582733631,88.6523644212353,45.652364421235305
409.173314213753,89.899415092361,46.899415092361
410.099045693874,89.5903895098362,46.5903895098362
411.024777173996,90.2892615353982,47.2892615353982
411.950508654118,90.0030142787257,47.0030142787257
412.876240134239,90.0897332560569,47.0897332560569
413.801971614361,89.4128685313475,46.4128685313475
414.727703094482,88.8668994964734,45.866899496473394
415.653434574604,89.464206268362,46.464206268362005
416.579166054726,89.4447243053049,46.4447243053049
417.504897534847,89.8808165999196,46.8808165999196
418.430629014969,89.3955680918842,46.3955680918842
419.35636049509,88.43534536639,45.435345366389996
420.282091975212,88.422860221632,45.42286022163201
421.207823455334,87.9222934892056,44.9222934892056
422.133554935455,88.3899874874585,45.3899874874585
423.059286415577,88.7811650484005,45.781165048400496
423.985017895699,88.9219701764308,45.921970176430804
424.91074937582,88.6240878472479,45.62408784724791
425.836480855942,88.3083872352399,45.308387235239906
426.762212336063,88.1733563566752,45.1733563566752
427.687943816185,88.3146525643685,45.3146525643685
428.613675296307,88.6986324490288,45.69863244902881
429.539406776428,88.5626774025857,45.562677402585706
430.46513825655,88.5450744962558,45.54507449625579
431.390869736671,88.6473251243996,45.6473251243996
432.316601216793,88.4412719606032,45.4412719606032
433.242332696915,88.0441547431889,45.0441547431889
434.168064177036,87.9236623814954,44.923662381495404
435.093795657158,87.8979942299255,44.8979942299255
436.01952713728,88.1895921729854,45.1895921729854
436.945258617401,87.9203639651141,44.920363965114106
437.870990097523,87.2788150342582,44.2788150342582
438.796721577644,87.9012990338453,44.901299033845305
439.722453057766,87.7599811339754,44.7599811339754
440.648184537888,87.8413584742361,44.8413584742361
441.573916018009,87.947615564828,44.947615564828
442.499647498131,87.2715786469654,44.271578646965395
443.425378978252,87.2192661722315,44.2192661722315
444.351110458374,87.0757036921456,44.075703692145595
445.276841938496,87.1391400326914,44.1391400326914
446.202573418617,87.2630402035066,44.263040203506606
447.128304898739,87.2003594480527,44.200359448052694
448.05403637886,87.3766641848862,44.376664184886195
448.979767858982,87.2698186312085,44.269818631208494
449.905499339104,86.9248444124326,43.924844412432606
450.831230819225,86.6674273250561,43.667427325056096
451.756962299347,86.3134151351603,43.3134151351603
452.682693779469,86.0142127001171,43.0142127001171
453.60842525959,85.7838783714435,42.78387837144351
454.534156739712,86.1454564411388,43.145456441138805
455.459888219833,86.988688083778,43.988688083778
456.385619699955,87.1861605533274,44.1861605533274
457.311351180077,87.0822974502606,44.0822974502606
458.237082660198,86.9135193540374,43.913519354037405
459.16281414032,86.9463273201878,43.946327320187805
460.088545620441,86.7913190726202,43.7913190726202
461.014277100563,86.9630088469456,43.9630088469456
461.940008580685,87.1241266796946,44.1241266796946
462.865740060806,86.9959449041445,43.995944904144494
463.791471540928,87.0887776619847,44.08877766198469
464.717203021049,87.3279645440264,44.3279645440264
465.642934501171,87.0557736200308,44.055773620030806
466.568665981293,87.1438040380464,44.1438040380464
467.494397461414,87.2389825520614,44.2389825520614
468.420128941536,86.9730876452255,43.973087645225505
469.345860421658,85.8623051900455,42.862305190045504
470.271591901779,85.7297633442792,42.729763344279206
471.197323381901,85.1660996842044,42.1660996842044
472.123054862022,85.0232092277132,42.023209227713195
473.048786342144,85.2891268018839,42.289126801883896
473.974517822266,85.6309938490998,42.630993849099795
474.900249302387,85.935455367423,42.935455367423
475.825980782509,85.440333584094,42.440333584094006
476.75171226263,85.7806532504114,42.780653250411405
477.677443742752,85.4006379846491,42.400637984649094
478.603175222874,84.8992890373667,41.8992890373667
479.528906702995,84.4012935631701,41.4012935631701
480.454638183117,84.5950166436671,41.595016643667094
481.380369663239,84.7957975910093,41.795797591009304
482.30610114336,84.8562226742264,41.8562226742264
483.231832623482,84.2090617428313,41.209061742831295
484.157564103603,84.3235877883877,41.3235877883877
485.083295583725,84.3084215289093,41.30842152890931
486.009027063847,84.6249480867598,41.6249480867598
486.934758543968,85.0838619645552,42.0838619645552
487.86049002409,85.2617842600035,42.261784260003495
488.786221504211,84.1698605998074,41.16986059980739
489.711952984333,84.0214597252927,41.0214597252927
490.637684464455,84.1176507101937,41.1176507101937
491.563415944576,84.7346632052551,41.7346632052551
492.489147424698,84.9107380758789,41.910738075878896
493.414878904819,84.4050949192047,41.4050949192047
494.340610384941,84.0912866263654,41.0912866263654
495.266341865063,84.2869651095422,41.286965109542194
496.192073345184,84.0651675853604,41.0651675853604
497.117804825306,84.1217907985999,41.1217907985999
498.043536305428,82.4997274430504,39.4997274430504
498.969267785549,82.4499949323414,39.4499949323414
499.894999265671,82.3263330180761,39.3263330180761
500.820730745792,82.3734975344068,39.373497534406795
501.746462225914,82.3921664604296,39.39216646042961
502.672193706036,82.69970269553,39.69970269552999
503.597925186157,82.9596770764224,39.959677076422395
504.523656666279,83.1293759018052,40.129375901805204
505.4493881464,83.210790753394,40.210790753393994
506.375119626522,83.7540587779603,40.754058777960296
507.300851106644,83.6261758713098,40.6261758713098
508.226582586765,83.1858575043029,40.1858575043029
509.152314066887,83.0799706335135,40.0799706335135
510.078045547009,82.914988018722,39.914988018722
511.00377702713,82.8482882716012,39.848288271601206
511.929508507252,82.3891059879614,39.3891059879614
512.855239987373,82.575437735084,39.575437735083995
513.780971467495,82.4218883924629,39.421888392462904
514.706702947617,82.6332166672643,39.63321666726431
515.632434427738,82.7420201704582,39.742020170458204
516.55816590786,81.7089058380107,38.70890583801069
517.483897387981,81.5477145348501,38.5477145348501
518.409628868103,81.7698016137209,38.7698016137209
519.335360348225,82.5585543937116,39.5585543937116
520.261091828346,82.3091620431342,39.309162043134194
521.186823308468,82.7514714418432,39.751471441843194
522.112554788589,81.8992886062277,38.8992886062277
523.038286268711,82.2563057245856,39.2563057245856
523.964017748833,81.8286538287179,38.828653828717904
524.889749228954,81.7612257722749,38.7612257722749
525.815480709076,81.8655196988426,38.865519698842604
526.741212189198,81.7520305552147,38.7520305552147
527.666943669319,81.0633208207396,38.063320820739605
528.592675149441,81.5734010262412,38.5734010262412
529.518406629562,81.8410979872625,38.8410979872625
530.444138109684,81.6797907777339,38.6797907777339
531.369869589806,81.6645924848503,38.6645924848503
532.295601069927,81.6127777158608,38.6127777158608
533.221332550049,80.9440238910277,37.9440238910277
534.14706403017,80.9691155341355,37.9691155341355
535.072795510292,80.7952827609297,37.795282760929695
535.998526990414,80.6727539615177,37.6727539615177
536.924258470535,80.5252386532801,37.5252386532801
537.849989950657,79.9966577288835,36.996657728883505
538.775721430779,79.4670512981953,36.4670512981953
539.7014529109,78.6613909424544,35.6613909424544
540.627184391022,78.3269807756339,35.3269807756339
541.552915871143,78.3401756412137,35.340175641213705
542.478647351265,78.4046848864232,35.4046848864232
543.404378831387,80.3077365961392,37.30773659613919
544.330110311508,79.8770119499024,36.877011949902396
545.25584179163,80.8677391042455,37.8677391042455
546.181573271751,81.0865224499577,38.0865224499577
547.107304751873,81.1298493036969,38.1298493036969
548.033036231995,81.0032210343518,38.003221034351796
548.958767712116,80.4540531839695,37.454053183969506
549.884499192238,80.5544124765055,37.554412476505505
550.810230672359,79.9299536125304,36.9299536125304
551.735962152481,79.8494148019225,36.84941480192251
552.661693632603,78.8257984001586,35.825798400158604
553.587425112724,79.0025466268312,36.002546626831204
554.513156592846,78.8778433561826,35.877843356182595
555.438888072968,78.2160233784414,35.216023378441406
556.364619553089,78.8060005504097,35.806000550409706
557.290351033211,78.6793043321528,35.679304332152796
558.216082513332,78.6810346051259,35.6810346051259
559.141813993454,78.6401214863167,35.6401214863167
560.067545473576,78.4118166484075,35.411816648407495
560.993276953697,78.5310677795767,35.5310677795767
561.919008433819,78.0404196086653,35.0404196086653
562.84473991394,77.8330719142425,34.833071914242495
563.770471394062,77.8030905855774,34.803090585577394
564.696202874184,77.8641719553669,34.8641719553669
565.621934354305,78.1533810856445,35.1533810856445
566.547665834427,77.7968878668564,34.796887866856395
567.473397314548,78.1190721433607,35.1190721433607
568.39912879467,77.8742131164101,34.874213116410104
569.324860274792,78.1823191447314,35.182319144731395
570.250591754913,78.0701992132481,35.0701992132481
571.176323235035,78.052279448554,35.052279448554
572.102054715157,77.7995928728889,34.799592872888894
573.027786195278,77.5210728457407,34.521072845740704
573.9535176754,77.2998467881203,34.299846788120306
574.879249155521,76.7681155833719,33.768115583371895
575.804980635643,76.9621952458119,33.9621952458119
576.730712115765,76.8850606835266,33.8850606835266
577.656443595886,76.5808731081544,33.58087310815441
578.582175076008,76.5643214430681,33.564321443068096
579.507906556129,76.8044931197405,33.8044931197405
580.433638036251,77.4476846025896,34.447684602589604
581.359369516373,76.8388344990455,33.838834499045504
582.285100996494,77.8710427367875,34.8710427367875
583.210832476616,76.7936692463455,33.7936692463455
584.136563956738,76.3037618010443,33.3037618010443
585.062295436859,77.0845830790096,34.084583079009604
585.988026916981,76.7983544430758,33.798354443075795
586.913758397102,77.4620386282873,34.4620386282873
587.839489877224,77.4443208574044,34.444320857404406
588.765221357346,77.2965277729962,34.2965277729962
589.690952837467,77.1579216096927,34.15792160969271
590.616684317589,76.948353264002,33.948353264001994
591.54241579771,76.7279591881506,33.72795918815061
592.468147277832,76.5570275235988,33.557027523598805
593.393878757954,76.3340994635377,33.3340994635377
594.319610238075,76.6258168540488,33.62581685404879
595.245341718197,76.5106989485918,33.510698948591795
596.171073198318,76.1511307084806,33.15113070848059
597.09680467844,76.4219495082637,33.421949508263694
598.022536158562,75.7306535985784,32.7306535985784
598.948267638683,75.2082388264399,32.208238826439896
599.873999118805,75.7565495944754,32.7565495944754
600.799730598927,75.446662388029,32.446662388029
601.725462079048,75.279433216751,32.279433216751
602.65119355917,75.5644975673751,32.5644975673751
603.576925039291,75.0220144476919,32.0220144476919
604.502656519413,74.6856274386426,31.685627438642598
605.428387999535,75.7379705944794,32.73797059447941
606.354119479656,75.5879774333977,32.5879774333977
607.279850959778,76.0803329456307,33.0803329456307
608.205582439899,76.0109708301287,33.0109708301287
609.131313920021,75.7830721913806,32.7830721913806
610.057045400143,76.2097493455194,33.2097493455194
610.982776880264,76.0689819363863,33.068981936386294
611.908508360386,76.3432386125889,33.343238612588905
612.834239840508,76.6733496971936,33.6733496971936
613.759971320629,76.0512529193542,33.0512529193542
614.685702800751,75.7120975180815,32.71209751808151
615.611434280872,75.6101832189139,32.6101832189139
616.537165760994,76.6440298458829,33.6440298458829
617.462897241116,77.0246886542293,34.024688654229294
618.388628721237,76.6109065320197,33.6109065320197
619.314360201359,76.7571803286216,33.7571803286216
620.24009168148,75.84744286382,32.84744286382001
621.165823161602,75.8035780355652,32.803578035565195
622.091554641724,75.5385595992319,32.5385595992319
623.017286121845,75.6070053284247,32.607005328424705
623.943017601967,75.3752994120944,32.37529941209441
624.868749082088,75.5409490236246,32.540949023624606
625.79448056221,76.3166733345737,33.31667333457369
626.720212042332,75.7236628359834,32.723662835983404
627.645943522453,75.1533925247259,32.1533925247259
628.571675002575,75.9522553857589,32.9522553857589
629.497406482697,75.3740718643226,32.3740718643226
630.423137962818,75.4302281599649,32.4302281599649
631.34886944294,75.6310702356416,32.6310702356416
632.274600923061,75.2900389993943,32.2900389993943
633.200332403183,75.1635064302511,32.163506430251104
634.126063883305,74.8345492810814,31.834549281081394
635.051795363426,75.5723822248028,32.572382224802794
635.977526843548,75.506577675648,32.506577675648
636.903258323669,75.0778636551616,32.07786365516159
637.828989803791,74.7453450782192,31.745345078219202
638.754721283913,74.319175982282,31.319175982282005
639.680452764034,74.3752845066622,31.375284506662197
640.606184244156,74.6440509333163,31.644050933316294
641.531915724277,74.004294371851,31.004294371851003
642.457647204399,73.6973328257349,30.697332825734904
643.383378684521,73.6120870502963,30.612087050296296
644.309110164642,74.1847992719637,31.184799271963698
645.234841644764,74.1486925104495,31.148692510449493
646.160573124886,73.2040125278392,30.204012527839197
647.086304605007,73.4973459535649,30.497345953564903
648.012036085129,73.6770753983233,30.677075398323296
648.93776756525,73.6581671265077,30.658167126507706
649.863499045372,73.6221401678365,30.622140167836505
650.789230525494,73.753029527432,30.753029527432005
651.714962005615,73.2217618322251,30.2217618322251
652.640693485737,73.4966777317284,30.496677731728397
653.566424965858,73.8325501642239,30.832550164223903
654.49215644598,75.098519579425,32.098519579425
655.417887926102,76.3345264051705,33.33452640517049
656.343619406223,78.5795713995197,35.57957139951969
657.269350886345,79.8797498542654,36.8797498542654
658.195082366467,80.6301816457233,37.6301816457233
659.120813846588,80.7234512104534,37.723451210453405
660.04654532671,80.1710726302301,37.1710726302301
660.972276806831,79.0520882105556,36.052088210555596
661.898008286953,78.1472186996311,35.1472186996311
662.823739767075,76.6958358111312,33.695835811131204
663.749471247196,74.7698617564655,31.769861756465502
664.675202727318,73.4226062987983,30.4226062987983
665.600934207439,71.8559241577927,28.8559241577927
666.526665687561,70.9584661269193,27.958466126919305
667.452397167683,70.6303714149568,27.630371414956798
668.378128647804,70.4383983355072,27.438398335507202
669.303860127926,69.9937224927611,26.993722492761094
670.229591608047,70.0429581259595,27.0429581259595
671.155323088169,70.6533177217252,27.6533177217252
672.081054568291,71.0657596899658,28.0657596899658
673.006786048412,71.082080198197,28.082080198197005
673.932517528534,70.8219790536181,27.821979053618094
674.858249008656,69.9285097257073,26.9285097257073
675.783980488777,69.8812224770349,26.881222477034896
676.709711968899,69.3235772928927,26.323577292892693
677.63544344902,69.5753050595451,26.5753050595451
678.561174929142,69.1993348334494,26.1993348334494
679.486906409264,70.3716421420867,27.3716421420867
680.412637889385,71.0460603778067,28.046060377806697
681.338369369507,72.3547874309944,29.354787430994406
682.264100849628,73.5705030354528,30.570503035452802
683.18983232975,74.6851941622958,31.6851941622958
684.115563809872,75.2588873914939,32.2588873914939
685.041295289993,75.178100690832,32.178100690832
685.967026770115,74.7236090764277,31.723609076427707
686.892758250237,73.4207429675872,30.420742967587202
687.818489730358,72.0356416358782,29.035641635878207
688.74422121048,71.4124684598009,28.412468459800905
689.669952690601,71.2564230615523,28.256423061552297
690.595684170723,71.2457870974855,28.245787097485504
691.521415650845,71.5819491875991,28.581949187599093
692.447147130966,72.5952764062071,29.595276406207105
693.372878611088,73.0969041976675,30.0969041976675
694.298610091209,72.9125512328749,29.912551232874904
695.224341571331,73.0540648706723,30.054064870672306
696.150073051453,73.2239914627866,30.2239914627866
697.075804531574,73.1296940973,30.129694097300003
698.001536011696,72.6164639639384,29.6164639639384
698.927267491817,72.2194450032762,29.219445003276206
699.852998971939,71.6229082338721,28.622908233872096
700.778730452061,71.2965899842053,28.296589984205298
701.704461932182,71.4751479683384,28.475147968338405
702.630193412304,71.4360786670984,28.4360786670984
703.555924892426,71.8241365359879,28.824136535987904
704.481656372547,71.4985895098721,28.498589509872104
705.407387852669,71.2996871060518,28.299687106051806
706.33311933279,71.8092255888929,28.8092255888929
707.258850812912,72.2466398114589,29.246639811458905
708.184582293034,72.5801267092834,29.580126709283405
709.110313773155,72.2571360514361,29.257136051436106
710.036045253277,71.4870142659502,28.487014265950194
710.961776733398,72.2032447038948,29.203244703894796
711.88750821352,72.0173551682549,29.017355168254895
712.813239693642,72.2474239508846,29.247423950884595
713.738971173763,72.5108139133985,29.510813913398493
714.664702653885,72.1929619338449,29.1929619338449
715.590434134007,71.0947752040795,28.094775204079497
716.516165614128,70.6127130363034,27.612713036303404
717.44189709425,70.1518338323842,27.1518338323842
718.367628574371,70.6233584826499,27.623358482649905
719.293360054493,70.0657216015544,27.0657216015544
720.219091534615,70.5203853444843,27.520385344484296
721.144823014736,71.560176956937,28.560176956937
722.070554494858,71.4812513109773,28.4812513109773
722.996285974979,72.9647715905373,29.964771590537296
723.922017455101,73.6495807058404,30.649580705840407
724.847748935223,74.8494299246832,31.849429924683207
725.773480415344,74.9291262755953,31.929126275595294
726.699211895466,75.459738332742,32.459738332742006
727.624943375587,74.8005269343732,31.800526934373195
728.550674855709,73.677048424086,30.677048424085996
729.476406335831,72.4641626044724,29.464162604472406
730.402137815952,71.1817070139967,28.1817070139967
731.327869296074,70.3864880066098,27.386488006609795
732.253600776196,69.6461638785351,26.646163878535106
733.179332256317,70.4125806154366,27.412580615436596
734.105063736439,70.4162604647607,27.416260464760697
735.03079521656,70.7996159762897,27.7996159762897
735.956526696682,70.8182206850326,27.8182206850326
736.882258176804,71.5561353090771,28.556135309077106
737.807989656925,71.7512982792307,28.751298279230696
738.733721137047,72.7253654487408,29.725365448740803
739.659452617168,73.1321210462405,30.1321210462405
740.58518409729,73.686160288263,30.686160288262997
741.510915577412,74.0303916667522,31.030391666752195
742.436647057533,74.0256384980855,31.0256384980855
743.362378537655,73.6099538721019,30.609953872101897
744.288110017776,73.6083650319831,30.608365031983098
745.213841497898,73.1238714795005,30.123871479500494
746.13957297802,72.690811779016,29.690811779016002
747.065304458141,72.5662916206762,29.566291620676196
747.991035938263,72.8188143548478,29.818814354847802
748.916767418385,72.6292310886693,29.6292310886693
749.842498898506,72.9977198330187,29.997719833018706
750.768230378628,73.3196565854285,30.319656585428504
751.693961858749,72.9848773217989,29.984877321798905
752.619693338871,74.3473173903468,31.347317390346802
753.545424818993,74.0836569368478,31.083656936847802
754.471156299114,73.6279536900444,30.627953690044393
755.396887779236,74.1234728529105,31.123472852910496
756.322619259357,73.1238293094493,30.123829309449306
757.248350739479,73.367036959865,30.367036959865004
758.174082219601,73.1844242432785,30.1844242432785
759.099813699722,73.4815606620463,30.481560662046306
760.025545179844,73.5675591848225,30.5675591848225
760.951276659966,73.6181574074112,30.618157407411204
761.877008140087,73.4190619348713,30.419061934871294
762.802739620209,73.834741765668,30.834741765668
763.72847110033,73.9965731159469,30.9965731159469
764.654202580452,73.7628094419752,30.762809441975193
765.579934060574,74.462170064647,31.462170064646998
766.505665540695,74.1349249807928,31.134924980792803
767.431397020817,73.9889406913983,30.988940691398298
768.357128500938,74.2482097281736,31.248209728173606
769.28285998106,74.6439338555635,31.643933855563503
770.208591461182,74.1960739973304,31.1960739973304
771.134322941303,74.3019220351802,31.301922035180198
772.060054421425,74.192307263969,31.192307263969
772.985785901546,74.1493304736982,31.1493304736982
773.911517381668,73.6115032053178,30.611503205317803
774.83724886179,73.6318281793387,30.631828179338697
775.762980341911,73.3905289780229,30.3905289780229
776.688711822033,72.8683312395752,29.8683312395752
777.614443302155,73.4478802064767,30.447880206476697
778.540174782276,73.0112200425409,30.0112200425409
779.465906262398,72.7910182006166,29.791018200616605
780.391637742519,72.6681705351218,29.668170535121803
781.317369222641,72.9084565075925,29.908456507592504
782.243100702763,72.8482783502525,29.8482783502525
783.168832182884,72.9074031902064,29.907403190206395
784.094563663006,72.7711466967575,29.771146696757498
785.020295143127,72.6439924040671,29.643992404067106
785.946026623249,72.3952823304372,29.395282330437198
786.871758103371,72.6429594214368,29.6429594214368
787.797489583492,72.3369947299128,29.336994729912803
788.723221063614,72.3991234097356,29.399123409735594
789.648952543736,72.5156889619986,29.515688961998606
790.574684023857,72.2216662470422,29.221666247042194
791.500415503979,71.9583471186832,28.958347118683207
792.4261469841,71.9309905256108,28.930990525610795
793.351878464222,71.9238219777799,28.923821977779895
794.277609944344,71.9184532243236,28.9184532243236
795.203341424465,72.010663756995,29.010663756995
796.129072904587,72.0873945829242,29.087394582924205
797.054804384708,72.4027145011708,29.402714501170806
797.98053586483,72.3104538598655,29.310453859865504
798.906267344952,72.2734072255795,29.273407225579504
799.831998825073,72.1282513866278,29.128251386627795
800.757730305195,71.9378341261715,28.937834126171495
801.683461785316,72.2020704291899,29.202070429189902
802.609193265438,71.77828250872,28.778282508719997
803.53492474556,71.9388601358257,28.938860135825706
804.460656225681,71.3927453327119,28.392745332711897
805.386387705803,70.8259037790734,27.8259037790734
806.312119185925,70.9363061106497,27.936306110649696
807.237850666046,71.0045272241667,28.004527224166694
808.163582146168,71.4020833202812,28.402083320281207
809.089313626289,71.7923137820377,28.792313782037695
810.015045106411,72.0682155859778,29.068215585977796
810.940776586533,72.0129712209225,29.012971220922495
811.866508066654,71.7854134241766,28.785413424176596
812.792239546776,72.8333524603384,29.833352460338403
813.717971026897,72.8748774621052,29.874877462105204
814.643702507019,73.3378708273289,30.3378708273289
815.569433987141,73.3302455096761,30.330245509676104
816.495165467262,73.2939211161851,30.293921116185103
817.420896947384,73.0412797830852,30.0412797830852
818.346628427505,73.1808542502864,30.1808542502864
819.272359907627,72.8263909301107,29.826390930110705
820.198091387749,71.8663232218503,28.866323221850294
821.12382286787,71.4821811214532,28.482181121453195
822.049554347992,71.6216991171458,28.621699117145795
822.975285828114,71.4729787940629,28.472978794062897
823.901017308235,71.4871870103591,28.487187010359094
824.826748788357,71.4080271866475,28.4080271866475
825.752480268478,71.6920314284613,28.692031428461306
826.6782117486,71.1337070058137,28.133707005813704
827.603943228722,71.9042597991212,28.904259799121206
828.529674708843,72.7266512916319,29.726651291631896
829.455406188965,72.4710567314275,29.471056731427495
830.381137669086,72.8144758962944,29.814475896294397
831.306869149208,72.5736713136659,29.573671313665898
832.23260062933,72.5166987232309,29.516698723230903
833.158332109451,73.7151841456142,30.715184145614202
834.084063589573,73.4588455273801,30.458845527380106
835.009795069695,73.4952705603402,30.495270560340202
835.935526549816,73.3573532325571,30.357353232557102
836.861258029938,73.6975617341449,30.697561734144898
837.786989510059,74.140268808701,31.140268808700995
838.712720990181,74.3186718907512,31.318671890751205
839.638452470303,74.2685057546449,31.268505754644906
840.564183950424,74.3741191420773,31.374119142077305
841.489915430546,74.4774488007575,31.4774488007575
842.415646910667,74.0887507438913,31.088750743891296
843.341378390789,74.3410653058653,31.3410653058653
844.267109870911,74.1676486565084,31.167648656508405
845.192841351032,74.4216633068123,31.421663306812306
846.118572831154,74.5736191340059,31.573619134005895
847.044304311275,74.360366550171,31.360366550170994
847.970035791397,74.2887968697883,31.2887968697883
848.895767271519,74.2246530555492,31.224653055549197
849.82149875164,75.0951950528829,32.0951950528829
850.747230231762,74.2409052826657,31.240905282665693
851.672961711884,74.9681628402512,31.968162840251196
852.598693192005,74.5023835787432,31.502383578743206
853.524424672127,74.4177515002464,31.417751500246396
854.450156152248,74.1449421792277,31.144942179227698
855.37588763237,74.4877156975054,31.487715697505394
856.301619112492,74.0547656677894,31.054765667789397
857.227350592613,73.8996901116787,30.899690111678694
858.153082072735,74.4029602007785,31.402960200778494
859.078813552856,73.4219734157009,30.421973415700904
860.004545032978,73.40418678645,30.404186786449998
860.9302765131,73.4034374420145,30.403437442014507
861.856007993221,73.9254580757749,30.9254580757749
862.781739473343,74.0746241772367,31.0746241772367
863.707470953465,74.1055914342247,31.105591434224706
864.633202433586,73.0620392116847,30.062039211684706
865.558933913708,72.6751227525394,29.675122752539394
866.484665393829,72.0440823945436,29.044082394543594
867.410396873951,72.0890669789759,29.089066978975893
868.336128354073,72.5430386041858,29.543038604185796
869.261859834194,73.2471199137736,30.247119913773602
870.187591314316,73.6881356121259,30.688135612125905
871.113322794437,73.983078253859,30.983078253859006
872.039054274559,73.7372144622567,30.737214462256702
872.964785754681,73.1908190489025,30.190819048902497
873.890517234802,72.8896257846131,29.889625784613102
874.816248714924,73.5030567319,30.503056731900003
875.741980195045,73.3191466760605,30.319146676060498
876.667711675167,73.4111198698219,30.411119869821903
877.593443155289,73.7005276948323,30.700527694832303
878.51917463541,73.5935591541354,30.593559154135406
879.444906115532,73.6644518192929,30.664451819292907
880.370637595654,74.0878011015052,31.087801101505207
881.296369075775,74.2296077291029,31.229607729102895
882.222100555897,74.3280090284355,31.328009028435503
883.147832036018,74.4524751812426,31.452475181242605
884.07356351614,74.6781471370246,31.678147137024595
884.999294996262,74.0414908847998,31.0414908847998
885.925026476383,73.4333768951727,30.4333768951727
886.850757956505,73.3362785506537,30.336278550653702
887.776489436626,72.8179942932382,29.8179942932382
888.702220916748,73.4939220945996,30.493922094599597
889.62795239687,73.4671435742948,30.467143574294795
890.553683876991,73.9162372072962,30.916237207296206
891.479415357113,74.04483769514,31.044837695140004
892.405146837234,74.5605348834671,31.5605348834671
893.330878317356,74.5457410266059,31.545741026605896
894.256609797478,74.6195930619897,31.619593061989704
895.182341277599,74.5135759582916,31.513575958291597
896.108072757721,74.4784497246055,31.478449724605497
897.033804237843,74.4797087422513,31.479708742251304
897.959535717964,74.2892070130527,31.289207013052703
898.885267198086,74.0928416249451,31.092841624945095
899.810998678207,74.9056355818357,31.905635581835696
900.736730158329,74.6941416843113,31.694141684311305
901.662461638451,75.12519563187,32.12519563187
902.588193118572,74.9403730396078,31.940373039607806
903.513924598694,74.5427112734602,31.5427112734602
904.439656078815,74.7608985316219,31.760898531621905
905.365387558937,74.7938206879252,31.793820687925205
906.291119039059,75.0162852729464,32.016285272946405
907.21685051918,75.6599046509354,32.6599046509354
908.142581999302,75.6190458389653,32.619045838965306
909.068313479424,74.9535037006549,31.953503700654906
909.994044959545,75.4403850066303,32.440385006630294
910.919776439667,75.244579005736,32.244579005736
911.845507919788,75.8902449349126,32.8902449349126
912.77123939991,75.4274111437452,32.4274111437452
913.696970880032,75.4840710100824,32.4840710100824
914.622702360153,75.5606262646673,32.560626264667306
915.548433840275,75.4353606153866,32.4353606153866
916.474165320396,75.2941760587585,32.294176058758495
917.399896800518,75.0966256715658,32.0966256715658
918.32562828064,75.0250426573619,32.025042657361894
919.251359760761,74.9543077325239,31.9543077325239
920.177091240883,75.1401401581927,32.14014015819269
921.102822721004,75.0293438056906,32.0293438056906
922.028554201126,74.938780573889,31.938780573889005
922.954285681248,74.7869741475932,31.7869741475932
923.880017161369,75.4222234958675,32.4222234958675
924.805748641491,74.998312716636,31.998312716635994
925.731480121613,75.3481527505208,32.348152750520796
926.657211601734,75.150653363794,32.15065336379401
927.582943081856,75.3822358002507,32.3822358002507
928.508674561977,75.6278225570767,32.6278225570767
929.434406042099,75.4032542122665,32.4032542122665
930.360137522221,75.6969770460206,32.696977046020606
931.285869002342,75.8230638052829,32.8230638052829
932.211600482464,76.0954662023738,33.0954662023738
933.137331962585,75.5301733771315,32.530173377131504
934.063063442707,75.8241412817573,32.824141281757306
934.988794922829,75.9482281482373,32.948228148237305
935.91452640295,76.0597387485748,33.0597387485748
936.840257883072,76.1751023351432,33.175102335143194
937.765989363194,76.3524726428898,33.35247264288979
938.691720843315,76.0398168969177,33.0398168969177
939.617452323437,76.4489585029567,33.4489585029567
940.543183803558,76.5953074896952,33.5953074896952
941.46891528368,76.3960826829477,33.39608268294771
942.394646763802,76.6259990507851,33.6259990507851
943.320378243923,77.0876501154102,34.0876501154102
944.246109724045,77.3170616458907,34.3170616458907
945.171841204166,76.9852468426023,33.985246842602294
946.097572684288,76.9333501866398,33.9333501866398
947.02330416441,76.9920096772727,33.992009677272705
947.949035644531,77.1888965635145,34.188896563514504
948.874767124653,77.3220880616187,34.3220880616187
949.800498604774,77.460759309143,34.460759309143
950.726230084896,77.919490157453,34.919490157453
951.651961565018,77.8626593415585,34.8626593415585
952.577693045139,77.9022377101147,34.902237710114704
953.503424525261,77.6834035919837,34.683403591983705
954.429156005383,77.7422775808893,34.742277580889294
955.354887485504,77.7329223626854,34.7329223626854
956.280618965626,78.2811003001069,35.2811003001069
957.206350445747,78.3720695211994,35.37206952119941
958.132081925869,78.4171334899899,35.417133489989894
959.057813405991,78.6098896738337,35.609889673833706
959.983544886112,78.4847415170385,35.4847415170385
960.909276366234,78.1250165507432,35.1250165507432
961.835007846355,78.482919572596,35.482919572596
962.760739326477,78.1591363577117,35.1591363577117
963.686470806599,78.4089271007025,35.4089271007025
964.61220228672,78.8181339993786,35.8181339993786
965.537933766842,78.5690717589554,35.5690717589554
966.463665246964,78.4797144562757,35.4797144562757
967.389396727085,78.4091289648865,35.409128964886506
968.315128207207,78.4634606327408,35.463460632740805
969.240859687328,78.7404723691717,35.7404723691717
970.16659116745,79.1680180276517,36.1680180276517
971.092322647572,78.5586383212801,35.5586383212801
972.018054127693,79.1268170976528,36.126817097652804
972.943785607815,79.2764546666794,36.2764546666794
973.869517087936,79.1768927405237,36.1768927405237
974.795248568058,79.6603634543833,36.6603634543833
975.72098004818,79.9431132822535,36.943113282253506
976.646711528301,79.7775041359238,36.777504135923806
977.572443008423,79.6111768429086,36.611176842908606
978.498174488544,80.0721826770854,37.072182677085394
979.423905968666,80.3193435896329,37.319343589632894
980.349637448788,79.5660205874883,36.566020587488296
981.275368928909,79.1372492109488,36.137249210948795
982.201100409031,80.0748905403801,37.074890540380096
983.126831889153,79.9172734590196,36.9172734590196
984.052563369274,79.9185489986058,36.9185489986058
984.978294849396,79.3984574373475,36.3984574373475
985.904026329517,79.6453373950491,36.6453373950491
986.829757809639,79.996223375419,36.99622337541901
987.755489289761,80.3330203231413,37.3330203231413
988.681220769882,80.3437632082039,37.343763208203896
989.606952250004,81.0956108204967,38.0956108204967
990.532683730125,81.6614694144554,38.6614694144554
991.458415210247,81.2461114221073,38.246111422107305
992.384146690369,81.3883100794138,38.3883100794138
993.30987817049,81.2975867426966,38.297586742696595
994.235609650612,81.3911226954037,38.391122695403695
995.161341130733,81.1886147341984,38.188614734198396
996.087072610855,81.7604097358713,38.760409735871306
997.012804090977,81.4303338046514,38.4303338046514
997.938535571098,81.399509939507,38.399509939507
998.86426705122,81.5723720000726,38.572372000072605
999.789998531342,81.6642693093289,38.6642693093289
1000.71573001146,81.585232447041,38.585232447040994
1001.64146149158,81.6018721216648,38.6018721216648
1002.56719297171,81.5361430321391,38.536143032139094
1003.49292445183,81.2398104981893,38.2398104981893
1004.41865593195,82.1672908883087,39.1672908883087
1005.34438741207,82.298684666666,39.298684666666006
1006.27011889219,82.2868326822955,39.2868326822955
1007.19585037231,82.8824985759717,39.882498575971695
1008.12158185244,81.9934556095347,38.993455609534706
1009.04731333256,81.8365442191717,38.8365442191717
1009.97304481268,82.2918381309635,39.2918381309635
1010.8987762928,82.1764658738925,39.1764658738925
1011.82450777292,82.6036178680396,39.603617868039606
1012.75023925304,82.1592515349536,39.1592515349536
1013.67597073317,82.3510688959194,39.3510688959194
1014.60170221329,82.226425057245,39.226425057244995
1015.52743369341,82.1773681492358,39.177368149235804
1016.45316517353,81.944024927604,38.944024927604005
1017.37889665365,82.3864197655431,39.386419765543096
1018.30462813377,81.8564524946407,38.856452494640706
1019.2303596139,82.4682284993054,39.4682284993054
1020.15609109402,82.3311418738433,39.33114187384329
1021.08182257414,83.6879505198978,40.6879505198978
1022.00755405426,83.1133752329567,40.1133752329567
1022.93328553438,83.2159914393118,40.21599143931179
1023.8590170145,83.3507934341209,40.3507934341209
1024.78474849463,82.9953800270019,39.9953800270019
1025.71047997475,82.7506476219419,39.750647621941894
1026.63621145487,82.4936175453858,39.4936175453858
1027.56194293499,83.6941980694683,40.6941980694683
1028.48767441511,84.4923285729109,41.49232857291091
1029.41340589523,84.2487435589353,41.2487435589353
1030.33913737535,83.816343410152,40.816343410152
1031.26486885548,83.3103328067397,40.310332806739694
1032.1906003356,83.0996075568112,40.09960755681119
1033.11633181572,83.5495640608269,40.549564060826896
1034.04206329584,84.1226771183321,41.122677118332106
1034.96779477596,84.2145784834143,41.2145784834143
1035.89352625608,84.202323004087,41.202323004087006
1036.81925773621,84.3566417891438,41.356641789143794
1037.74498921633,84.0284765536558,41.02847655365581
1038.67072069645,84.279873376797,41.279873376797
1039.59645217657,84.3892000053862,41.3892000053862
1040.52218365669,84.6404899577784,41.6404899577784
1041.44791513681,84.941504225977,41.941504225977
1042.37364661694,84.9338554233221,41.9338554233221
1043.29937809706,84.710485239147,41.710485239147005
1044.22510957718,84.8909300474198,41.8909300474198
1045.1508410573,84.8803292610982,41.8803292610982
1046.07657253742,84.8630326891446,41.8630326891446
1047.00230401754,85.1374115690783,42.137411569078296
1047.92803549767,85.5425332188097,42.542533218809695
1048.85376697779,85.5034505195783,42.503450519578294
1049.77949845791,85.7360026973043,42.7360026973043
1050.70522993803,85.6807036869034,42.6807036869034
1051.63096141815,85.6483056905857,42.6483056905857
1052.55669289827,84.9988302705959,41.9988302705959
1053.4824243784,85.7666924047288,42.7666924047288
1054.40815585852,87.7814342794455,44.781434279445506
1055.33388733864,87.7759151545984,44.775915154598394
1056.25961881876,87.5425697164582,44.5425697164582
1057.18535029888,87.1807961019289,44.180796101928905
1058.111081779,87.5594033099844,44.559403309984404
1059.03681325912,86.6838795938099,43.683879593809905
1059.96254473925,86.2828233128364,43.2828233128364
1060.88827621937,87.0515990638881,44.051599063888105
1061.81400769949,86.0142011981643,43.0142011981643
1062.73973917961,86.5066660428782,43.506666042878194
1063.66547065973,86.8697605408648,43.8697605408648
1064.59120213985,87.3120376250506,44.31203762505061
1065.51693361998,87.696530171643,44.696530171643005
1066.4426651001,88.0621698566854,45.0621698566854
1067.36839658022,88.2074797792117,45.207479779211695
1068.29412806034,88.4507806478185,45.450780647818505
1069.21985954046,88.5494593212711,45.5494593212711
1070.14559102058,88.4407321637462,45.440732163746205
1071.07132250071,88.1407956094549,45.1407956094549
1071.99705398083,88.3948463819343,45.3948463819343
1072.92278546095,89.091920839963,46.091920839962995
1073.84851694107,88.448101552938,45.448101552938
1074.77424842119,89.0776060042311,46.0776060042311
1075.69997990131,88.7053249730943,45.70532497309431
1076.62571138144,88.9894900693783,45.989490069378306
1077.55144286156,88.9390063876846,45.9390063876846
1078.47717434168,89.0943770770349,46.094377077034906
1079.4029058218,88.8727782734886,45.872778273488606
1080.32863730192,88.8636683640625,45.863668364062505
1081.25436878204,88.706613762593,45.706613762592994
1082.18010026217,88.8302399340075,45.830239934007494
1083.10583174229,88.8493862823241,45.849386282324105
1084.03156322241,88.9211369763411,45.9211369763411
1084.95729470253,89.062733233285,46.062733233285
1085.88302618265,89.5277256418682,46.5277256418682
1086.80875766277,89.5198594933251,46.5198594933251
1087.73448914289,89.3181061309917,46.318106130991694
1088.66022062302,89.5777374321782,46.577737432178196
1089.58595210314,89.4708630820483,46.4708630820483
1090.51168358326,89.3915441096517,46.391544109651704
1091.43741506338,89.7049757059256,46.704975705925605
1092.3631465435,90.3464927360883,47.346492736088294
1093.28887802362,89.8561515957592,46.8561515957592
1094.21460950375,89.5955288720007,46.5955288720007
1095.14034098387,89.8347138301243,46.8347138301243
1096.06607246399,90.0445571184924,47.044557118492406
1096.99180394411,89.9445460170885,46.9445460170885
1097.91753542423,90.0210439443509,47.02104394435089
1098.84326690435,89.9782342037117,46.97823420371169
1099.76899838448,90.6708831919476,47.670883191947595
1100.6947298646,91.3381226541301,48.3381226541301
1101.62046134472,91.5564142083968,48.5564142083968
1102.54619282484,91.6862466930376,48.6862466930376
1103.47192430496,91.8464130531365,48.8464130531365
1104.39765578508,91.5263062689489,48.5263062689489
1105.32338726521,91.7959691467457,48.795969146745705
1106.24911874533,91.6827376636449,48.6827376636449
1107.17485022545,92.2038074276899,49.203807427689895
1108.10058170557,92.4296627839918,49.4296627839918
1109.02631318569,92.2474708761384,49.247470876138394
1109.95204466581,92.3346949125933,49.33469491259331
1110.87777614594,91.9068825871191,48.9068825871191
1111.80350762606,92.2072639728525,49.2072639728525
1112.72923910618,92.1908125695795,49.190812569579506
1113.6549705863,93.0706361177703,50.070636117770306
1114.58070206642,93.3971756449147,50.3971756449147
1115.50643354654,92.6745441614917,49.674544161491696
1116.43216502666,93.5658781835428,50.56587818354279
1117.35789650679,93.1710141089689,50.171014108968905
1118.28362798691,93.4297610677078,50.4297610677078
1119.20935946703,93.8135058442083,50.813505844208294
1120.13509094715,94.3112444812511,51.311244481251094
1121.06082242727,93.8860765504907,50.8860765504907
1121.98655390739,94.1148776295028,51.1148776295028
1122.91228538752,93.9790364796274,50.979036479627396
1123.83801686764,93.7623299009037,50.762329900903694
1124.76374834776,94.0624334204027,51.0624334204027
1125.68947982788,94.0009871435211,51.0009871435211
1126.615211308,94.1232689785784,51.123268978578395
1127.54094278812,94.2258836272064,51.2258836272064
1128.46667426825,93.4489646744268,50.448964674426804
1129.39240574837,94.3109676976214,51.31096769762139
1130.31813722849,93.7592850900117,50.7592850900117
1131.24386870861,93.501135416422,50.501135416422
1132.16960018873,93.5874578312689,50.58745783126891
1133.09533166885,93.6865737628884,50.6865737628884
1134.02106314898,93.8729988464055,50.872998846405494
1134.9467946291,93.8375306171647,50.8375306171647
1135.87252610922,93.9663785515579,50.966378551557895
1136.79825758934,93.8001829980272,50.800182998027196
1137.72398906946,93.6741897916903,50.674189791690296
1138.64972054958,93.8046644087754,50.804664408775395
1139.57545202971,93.4601434770277,50.4601434770277
1140.50118350983,93.2658218100737,50.2658218100737
1141.42691498995,93.2969111923641,50.29691119236411
1142.35264647007,93.0944316444551,50.0944316444551
1143.27837795019,93.0954739751021,50.095473975102095
1144.20410943031,93.2023253376045,50.202325337604506
1145.12984091043,93.2760317089266,50.276031708926595
1146.05557239056,93.3840499205914,50.384049920591394
1146.98130387068,93.180146206673,50.180146206673
1147.9070353508,92.9742733663954,49.974273366395394
1148.83276683092,93.3105339782648,50.3105339782648
1149.75849831104,92.398276656309,49.398276656308994
1150.68422979116,92.5860092544071,49.5860092544071
1151.60996127129,92.4797017146694,49.4797017146694
1152.53569275141,93.2978757889731,50.2978757889731
1153.46142423153,93.4686816209736,50.4686816209736
1154.38715571165,93.3261755565642,50.326175556564195
1155.31288719177,93.2168719286984,50.216871928698396
1156.23861867189,92.9003384068188,49.900338406818804
1157.16435015202,92.2966663432682,49.2966663432682
1158.09008163214,91.7831745469122,48.78317454691221
1159.01581311226,92.9585385195779,49.9585385195779
1159.94154459238,92.8666979217711,49.866697921771106
1160.8672760725,93.0726391095177,50.072639109517695
1161.79300755262,92.8736952382665,49.87369523826651
1162.71873903275,92.682583690429,49.682583690429
1163.64447051287,93.1770192596967,50.177019259696706
1164.57020199299,93.2667628975067,50.266762897506695
1165.49593347311,93.3586724680248,50.35867246802481
1166.42166495323,93.3536879236934,50.3536879236934
1167.34739643335,93.04984901941,50.049849019410004
1168.27312791348,93.3436244890238,50.343624489023796
1169.1988593936,93.3562801316566,50.356280131656604
1170.12459087372,93.2454275675279,50.2454275675279
1171.05032235384,92.5202475067889,49.520247506788905
1171.97605383396,92.4829427165775,49.4829427165775
1172.90178531408,92.9140906971521,49.914090697152105
1173.8275167942,93.020938441357,50.020938441357
1174.75324827433,92.9206827874942,49.9206827874942
1175.67897975445,92.8853147563836,49.88531475638359
1176.60471123457,93.5085941549846,50.50859415498461
1177.53044271469,93.2001544969377,50.2001544969377
1178.45617419481,93.2055362041741,50.205536204174095
1179.38190567493,93.4881250351366,50.488125035136605
1180.30763715506,93.6915847868999,50.691584786899895
1181.23336863518,93.6704972359234,50.670497235923406
1182.1591001153,93.1267109550289,50.1267109550289
1183.08483159542,93.1765647112748,50.17656471127481
1184.01056307554,92.8489293583542,49.8489293583542
1184.93629455566,92.756282197458,49.756282197458006
1185.86202603579,93.0728250477123,50.0728250477123
1186.78775751591,92.9780493404882,49.9780493404882
1187.71348899603,92.3936221474831,49.3936221474831
1188.63922047615,93.5515382842571,50.551538284257106
1189.56495195627,92.5606009176804,49.560600917680404
1190.49068343639,92.2193877062961,49.219387706296104
1191.41641491652,92.2963228491579,49.2963228491579
1192.34214639664,91.0043907565064,48.004390756506396
1193.26787787676,92.1177651214517,49.1177651214517
1194.19360935688,92.9496815104516,49.9496815104516
1195.119340837,92.526641808329,49.526641808329
1196.04507231712,92.4299115758166,49.429911575816604
1196.97080379725,93.2061029532062,50.2061029532062
1197.89653527737,93.0925889977882,50.0925889977882
1198.82226675749,92.8841963298209,49.884196329820895
1199.74799823761,92.7630454703478,49.763045470347805
1200.67372971773,93.0343887104865,50.034388710486496
1201.59946119785,93.3329705219759,50.332970521975895
1202.52519267797,92.7398883559053,49.73988835590529
1203.4509241581,93.2467761867905,50.2467761867905
1204.37665563822,93.0736075215163,50.073607521516294
1205.30238711834,92.590676838103,49.59067683810299
1206.22811859846,92.3759283028564,49.375928302856394
1207.15385007858,93.0074167556472,50.0074167556472
1208.0795815587,92.4428523745181,49.4428523745181
1209.00531303883,92.6415635560794,49.641563556079404
1209.93104451895,92.6831798890203,49.683179889020295
1210.85677599907,92.6112953509796,49.6112953509796
1211.78250747919,92.5584454107649,49.558445410764904
1212.70823895931,92.4430600122988,49.4430600122988
1213.63397043943,92.3669453176918,49.3669453176918
1214.55970191956,92.311647963854,49.311647963854
1215.48543339968,92.2447587700333,49.2447587700333
1216.4111648798,92.5322699614761,49.5322699614761
1217.33689635992,92.3376490021468,49.337649002146804
1218.26262784004,92.5512936020899,49.5512936020899
1219.18835932016,90.8967832384538,47.89678323845381
1220.11409080029,91.4100671680298,48.4100671680298
1221.03982228041,92.3791143888385,49.3791143888385
1221.96555376053,92.1471219638065,49.1471219638065
1222.89128524065,92.1124393813217,49.11243938132171
1223.81701672077,92.0281072051586,49.028107205158605
1224.74274820089,93.0945868156403,50.0945868156403
1225.66847968102,92.934549004032,49.93454900403199
1226.59421116114,92.4637914148363,49.463791414836294
1227.51994264126,92.1217974092326,49.1217974092326
1228.44567412138,92.0936357821406,49.093635782140595
1229.3714056015,91.8698398809134,48.8698398809134
1230.29713708162,92.6484602712815,49.64846027128149
1231.22286856174,92.859479535448,49.859479535448
1232.14860004187,93.4742706306903,50.4742706306903
1233.07433152199,92.5915975701583,49.5915975701583
1234.00006300211,92.5686899308048,49.568689930804794
1234.92579448223,92.2337609669277,49.233760966927704
1235.85152596235,92.3528396318984,49.352839631898405
1236.77725744247,92.9928725798728,49.992872579872795
1237.7029889226,92.1324887477545,49.13248874775449
1238.62872040272,93.0552527080271,50.0552527080271
1239.55445188284,93.025334337207,50.025334337207
1240.48018336296,92.6886704533453,49.688670453345296
1241.40591484308,92.415017248027,49.415017248027
1242.3316463232,92.3012091719038,49.30120917190381
1243.25737780333,92.9393685931567,49.9393685931567
1244.18310928345,93.132826741608,50.132826741608
1245.10884076357,92.657885827832,49.657885827832004
1246.03457224369,92.899670962704,49.89967096270399
1246.96030372381,92.71520349011,49.71520349011
1247.88603520393,92.6001472892889,49.6001472892889
1248.81176668406,92.5942847247377,49.594284724737705
1249.73749816418,92.7322145276323,49.732214527632294
1250.6632296443,92.5782151726847,49.57821517268469
1251.58896112442,92.5914397362269,49.5914397362269
1252.51469260454,92.3839272020959,49.383927202095904
1253.44042408466,93.0803151522497,50.080315152249696
1254.36615556479,92.615781894612,49.615781894612
1255.29188704491,92.0447467177746,49.0447467177746
1256.21761852503,92.4161745596928,49.416174559692806
1257.14335000515,92.4966975696564,49.496697569656405
1258.06908148527,92.1673033045914,49.1673033045914
1258.99481296539,92.4999840820587,49.4999840820587
1259.92054444551,92.522249918802,49.522249918802004
1260.84627592564,92.4771584772358,49.477158477235804
1261.77200740576,92.6809674213887,49.6809674213887
1262.69773888588,92.4605961449421,49.4605961449421
1263.623470366,92.4457520292551,49.445752029255104
1264.54920184612,92.4359128286698,49.4359128286698
1265.47493332624,92.9789715143736,49.9789715143736
1266.40066480637,92.7827566635569,49.782756663556896
1267.32639628649,92.3766080315647,49.3766080315647
1268.25212776661,92.5316364319162,49.5316364319162
1269.17785924673,92.8128550759433,49.812855075943304
1270.10359072685,92.7245862166007,49.7245862166007
1271.02932220697,92.5293636043986,49.5293636043986
1271.9550536871,92.5007744896593,49.50077448965931
1272.88078516722,91.5626508387154,48.5626508387154
1273.80651664734,91.8337160906152,48.8337160906152
1274.73224812746,92.2997798196983,49.2997798196983
1275.65797960758,92.4633517145359,49.463351714535904
1276.5837110877,93.1940533338166,50.1940533338166
1277.50944256783,92.6676898002517,49.667689800251694
1278.43517404795,92.3297638751475,49.329763875147506
1279.36090552807,92.8243390870279,49.824339087027894
1280.28663700819,92.5164748210221,49.5164748210221
1281.21236848831,92.4172692171566,49.4172692171566
1282.13809996843,91.9864268477875,48.9864268477875
1283.06383144855,91.6637736978885,48.6637736978885
1283.98956292868,91.8360465409324,48.8360465409324
1284.9152944088,92.1768101281006,49.1768101281006
1285.84102588892,93.4634775540776,50.4634775540776
1286.76675736904,93.4553750674425,50.4553750674425
1287.69248884916,92.4023528317789,49.4023528317789
1288.61822032928,92.5016161537841,49.5016161537841
1289.54395180941,93.2672803686622,50.2672803686622
1290.46968328953,93.0697577280412,50.069757728041196
1291.39541476965,92.6047465770006,49.6047465770006
1292.32114624977,92.4347322904234,49.4347322904234
1293.24687772989,91.3159664462141,48.315966446214105
1294.17260921001,90.8835722110189,47.8835722110189
1295.09834069014,90.8428308676687,47.842830867668695
1296.02407217026,90.9332065134891,47.9332065134891
1296.94980365038,91.9282066502937,48.9282066502937
1297.8755351305,91.9309378281868,48.9309378281868
1298.80126661062,92.0670400793023,49.0670400793023
1299.72699809074,92.5515756174891,49.55157561748911
1300.65272957087,92.4465156230464,49.446515623046395
1301.57846105099,92.1794948337272,49.179494833727205
1302.50419253111,90.8354759821958,47.8354759821958
1303.42992401123,91.3981349313404,48.398134931340394
1304.35565549135,92.6324144261866,49.6324144261866
1305.28138697147,92.700674900967,49.700674900967
1306.2071184516,92.6375896904549,49.6375896904549
1307.13284993172,92.2211844661585,49.221184466158505
1308.05858141184,92.5028737952749,49.502873795274894
1308.98431289196,92.5021850064456,49.5021850064456
1309.91004437208,92.4426616027096,49.442661602709606
1310.8357758522,92.0053861236943,49.005386123694294
1311.76150733232,91.8987886137112,48.898788613711204
1312.68723881245,91.905115247944,48.905115247943996
1313.61297029257,91.787146944989,48.787146944989004
1314.53870177269,91.4949200868724,48.4949200868724
1315.46443325281,91.3907704292224,48.3907704292224
1316.39016473293,91.9141259782003,48.9141259782003
1317.31589621305,92.246207429285,49.24620742928499
1318.24162769318,92.2825014395966,49.2825014395966
1319.1673591733,92.2669118530946,49.2669118530946
1320.09309065342,92.5466945990855,49.5466945990855
1321.01882213354,92.5413122783967,49.5413122783967
1321.94455361366,92.1529202661786,49.1529202661786
1322.87028509378,92.3372111229531,49.33721112295309
1323.79601657391,92.4231337394739,49.4231337394739
1324.72174805403,92.5338217397544,49.5338217397544
1325.64747953415,92.5257823489084,49.52578234890839
1326.57321101427,91.9303603853942,48.930360385394195
1327.49894249439,91.5423738020598,48.5423738020598
1328.42467397451,92.0886123579397,49.088612357939695
1329.35040545464,91.8812569740266,48.8812569740266
1330.27613693476,91.8582258926573,48.8582258926573
1331.20186841488,91.7092351170301,48.709235117030104
1332.127599895,93.202599395555,50.202599395555
1333.05333137512,93.3884221007291,50.3884221007291
1333.97906285524,92.6844725707947,49.684472570794696
1334.90479433537,92.9003569249156,49.9003569249156
1335.83052581549,92.9761678570645,49.976167857064496
1336.75625729561,92.7392284999139,49.73922849991391
1337.68198877573,92.2542908671415,49.254290867141506
1338.60772025585,91.6936679015192,48.693667901519206
1339.53345173597,91.0074601486542,48.007460148654204
1340.45918321609,91.2222685040579,48.222268504057894
1341.38491469622,91.0289109949647,48.028910994964704
1342.31064617634,91.6030163102921,48.603016310292105
1343.23637765646,91.6698111717171,48.6698111717171
1344.16210913658,92.0986415788447,49.098641578844706
1345.0878406167,92.1617788411384,49.1617788411384
1346.01357209682,92.4484272163249,49.4484272163249
1346.93930357695,92.6056026689382,49.605602668938204
1347.86503505707,92.9486192591294,49.9486192591294
1348.79076653719,92.9973479547706,49.9973479547706
1349.71649801731,93.0998611928733,50.099861192873306
1350.64222949743,92.9933629350504,49.9933629350504
1351.56796097755,92.8284569259823,49.828456925982294
1352.49369245768,92.9890460695312,49.9890460695312
1353.4194239378,92.7867884140681,49.7867884140681
1354.34515541792,91.5267363908308,48.526736390830806
1355.27088689804,91.6036275704377,48.603627570437695
1356.19661837816,92.009289533881,49.009289533881
1357.12234985828,91.8088444266933,48.8088444266933
1358.04808133841,91.8911268303911,48.8911268303911
1358.97381281853,92.2456296648653,49.245629664865305
1359.89954429865,92.3410360180543,49.3410360180543
1360.82527577877,92.4337869455872,49.4337869455872
1361.75100725889,92.4857280042658,49.485728004265795
1362.67673873901,92.4887042813964,49.488704281396394
1363.60247021914,92.4188828064292,49.418882806429195
1364.52820169926,93.2340227469269,50.2340227469269
1365.45393317938,92.9999401864263,49.9999401864263
1366.3796646595,92.7078671770531,49.7078671770531
1367.30539613962,92.6024499782111,49.6024499782111
1368.23112761974,92.8896101191204,49.889610119120405
1369.15685909986,92.891984336839,49.891984336839
1370.08259057999,92.5909711420828,49.59097114208279
1371.00832206011,92.699515967934,49.699515967934005
1371.93405354023,93.1062081170857,50.1062081170857
1372.85978502035,92.9664506812357,49.9664506812357
1373.78551650047,91.9502470642735,48.9502470642735
1374.71124798059,92.3493079378496,49.3493079378496
1375.63697946072,92.0597670226673,49.0597670226673
1376.56271094084,92.0237948950272,49.023794895027194
1377.48844242096,91.9254888330584,48.925488833058395
1378.41417390108,91.9581503910292,48.95815039102921
1379.3399053812,91.9622990249965,48.9622990249965
1380.26563686132,91.953413075508,48.953413075507996
1381.19136834145,91.8563314938716,48.85633149387159
1382.11709982157,91.8680274141523,48.868027414152294
1383.04283130169,92.2875896783132,49.287589678313196
1383.96856278181,91.9566981338893,48.956698133889304
1384.89429426193,92.346628957661,49.346628957661
1385.82002574205,92.0347531697182,49.0347531697182
1386.74575722218,91.8422398086474,48.842239808647406
1387.6714887023,91.8409042188928,48.8409042188928
1388.59722018242,92.1370481465483,49.137048146548295
1389.52295166254,92.5897660968263,49.589766096826295
1390.44868314266,92.796500464878,49.796500464877994
1391.37441462278,92.1898167912572,49.1898167912572
1392.30014610291,92.1780473945951,49.1780473945951
1393.22587758303,91.980773802754,48.980773802754
1394.15160906315,91.9109153437786,48.9109153437786
1395.07734054327,91.6627181320004,48.66271813200041
1396.00307202339,91.3005754722243,48.300575472224295
1396.92880350351,92.2935268380876,49.2935268380876
1397.85453498363,92.4021533298404,49.4021533298404
1398.78026646376,92.5833712836038,49.583371283603796
1399.70599794388,92.6408446893863,49.6408446893863
1400.631729424,92.5386144258484,49.538614425848394
1401.55746090412,92.0515215733886,49.0515215733886
1402.48319238424,92.1652706419775,49.1652706419775
1403.40892386436,91.8771332668649,48.8771332668649
1404.33465534449,91.8764095757935,48.8764095757935
1405.26038682461,91.7713210234978,48.771321023497805
1406.18611830473,91.962671956798,48.962671956798005
1407.11184978485,92.0432689455361,49.0432689455361
1408.03758126497,92.0370464457698,49.0370464457698
1408.96331274509,92.5245697138458,49.52456971384581
1409.88904422522,92.5820559442281,49.5820559442281
1410.81477570534,92.0459076360274,49.045907636027394
1411.74050718546,91.4033831844394,48.403383184439406
1412.66623866558,91.6841249030964,48.684124903096404
1413.5919701457,92.0433362454736,49.0433362454736
1414.51770162582,91.7746608098306,48.77466080983061
1415.44343310595,93.1344291921958,50.134429192195796
1416.36916458607,92.8345394407054,49.8345394407054
1417.29489606619,92.9237615376265,49.923761537626504
1418.22062754631,92.9202546718108,49.920254671810795
1419.14635902643,92.8972407222416,49.897240722241605
1420.07209050655,92.1753887543899,49.1753887543899
1420.99782198668,92.2241180335744,49.2241180335744
1421.9235534668,92.2436073420677,49.243607342067705
1422.84928494692,92.1751918778708,49.1751918778708
1423.77501642704,92.3410306108402,49.34103061084021
1424.70074790716,92.1785026125473,49.178502612547305
1425.62647938728,92.0607738191492,49.060773819149205
1426.5522108674,91.9359434801311,48.9359434801311
1427.47794234753,91.4280393982196,48.428039398219596
1428.40367382765,91.3751625844301,48.3751625844301
1429.32940530777,90.9617306975548,47.9617306975548
1430.25513678789,91.6330690347715,48.633069034771495
1431.18086826801,91.5938360028414,48.5938360028414
1432.10659974813,91.7127234041853,48.7127234041853
1433.03233122826,91.625792254943,48.62579225494299
1433.95806270838,91.4566853039904,48.4566853039904
1434.8837941885,91.9324328445964,48.932432844596406
1435.80952566862,92.2228036416788,49.222803641678794
1436.73525714874,92.1234824333621,49.1234824333621
1437.66098862886,91.9672776319873,48.9672776319873
1438.58672010899,91.9128451476864,48.9128451476864
1439.51245158911,92.0959670504242,49.09596705042421
1440.43818306923,92.4634490437791,49.46344904377909
1441.36391454935,92.5282909435192,49.528290943519195
1442.28964602947,92.7764098612443,49.776409861244304
1443.21537750959,92.6045664285743,49.6045664285743
1444.14110898972,92.4196313963289,49.419631396328896
1445.06684046984,92.3739067168858,49.3739067168858
1445.99257194996,91.8353451308912,48.8353451308912
1446.91830343008,91.7227799547847,48.7227799547847
1447.8440349102,91.7135941784023,48.7135941784023
1448.76976639032,91.8869774271646,48.886977427164595
1449.69549787045,91.9385826200773,48.9385826200773
1450.62122935057,92.0021266108418,49.0021266108418
1451.54696083069,91.851727764107,48.851727764107
1452.47269231081,91.8492487376236,48.8492487376236
1453.39842379093,92.0603179619854,49.060317961985405
1454.32415527105,92.0544646350031,49.0544646350031
1455.24988675117,92.1501880111355,49.1501880111355
1456.1756182313,92.0532015391073,49.053201539107306
1457.10134971142,92.4579425602513,49.4579425602513
1458.02708119154,91.7035606622165,48.7035606622165
1458.95281267166,91.5802024709477,48.5802024709477
1459.87854415178,91.867617212229,48.86761721222901
1460.8042756319,91.5989633440756,48.5989633440756
1461.73000711203,92.2530816442289,49.2530816442289
1462.65573859215,92.4817588371328,49.4817588371328
1463.58147007227,92.3834390324573,49.383439032457304
1464.50720155239,92.4003070890902,49.400307089090205
1465.43293303251,92.4059112749146,49.4059112749146
1466.35866451263,92.0503657455243,49.0503657455243
1467.28439599276,91.9801393568257,48.9801393568257
1468.21012747288,92.1557529673727,49.155752967372706
1469.135858953,92.5442087701954,49.5442087701954
1470.06159043312,92.6435241699064,49.6435241699064
1470.98732191324,92.6502535890209,49.650253589020906
1471.91305339336,92.5656029801112,49.565602980111194
1472.83878487349,92.4662057243426,49.4662057243426
1473.76451635361,92.2455671329997,49.245567132999696
1474.69024783373,91.9339894859502,48.93398948595021
1475.61597931385,91.7082055702966,48.7082055702966
1476.54171079397,91.6759509928415,48.67595099284151
1477.46744227409,92.1169362032333,49.116936203233294
1478.39317375422,92.0050357919587,49.005035791958704
1479.31890523434,92.012724691154,49.012724691154006
1480.24463671446,92.2389749823138,49.238974982313806
1481.17036819458,92.550649986613,49.550649986612996
1482.0960996747,91.7189407129965,48.7189407129965
1483.02183115482,91.694564029949,48.69456402994901
1483.94756263494,91.8206002822396,48.820600282239596
1484.87329411507,91.7409206499314,48.7409206499314
1485.79902559519,91.8738562749736,48.873856274973605
1486.72475707531,91.4538394154632,48.45383941546319
1487.65048855543,92.1620833166845,49.1620833166845
1488.57622003555,92.3755235109056,49.375523510905595
1489.50195151567,91.3762568510117,48.3762568510117
1490.4276829958,91.639600930096,48.639600930095995
1491.35341447592,91.6976108489256,48.697610848925606
1492.27914595604,91.7935814939147,48.7935814939147
1493.20487743616,91.6881986990168,48.688198699016795
1494.13060891628,91.7694654884479,48.769465488447906
1495.0563403964,91.6549074110711,48.65490741107109
1495.98207187653,91.532085758003,48.53208575800301
1496.90780335665,91.6188575109381,48.6188575109381
1497.83353483677,91.4654535304094,48.465453530409405
1498.75926631689,91.6802094602638,48.6802094602638
1499.68499779701,91.4775871328757,48.4775871328757
1500.61072927713,91.5659474564273,48.565947456427295
1501.53646075726,91.4596621072717,48.4596621072717
1502.46219223738,91.4449733661762,48.4449733661762
1503.3879237175,91.9139325026705,48.913932502670505
1504.31365519762,91.9989930245996,48.9989930245996
1505.23938667774,91.7539139035367,48.7539139035367
1506.16511815786,91.41630163806,48.416301638060006
1507.09084963799,91.692314946112,48.692314946112006
1508.01658111811,91.2872959063253,48.2872959063253
1508.94231259823,91.0019775131735,48.0019775131735
1509.86804407835,91.4317855339032,48.431785533903195
1510.79377555847,91.7511884498433,48.7511884498433
1511.71950703859,92.182971103223,49.182971103223
1512.64523851871,92.0663480591185,49.066348059118496
1513.57096999884,92.4403075128296,49.440307512829605
1514.49670147896,92.4460755550637,49.4460755550637
1515.42243295908,91.5316267029871,48.5316267029871
1516.3481644392,91.2709109753693,48.270910975369304
1517.27389591932,91.465569690041,48.465569690040994
1518.19962739944,91.5368957903215,48.536895790321495
1519.12535887957,91.5325356651264,48.5325356651264
1520.05109035969,92.008442712117,49.008442712117
1520.97682183981,91.6148488283176,48.614848828317605
1521.90255331993,91.4006219220439,48.4006219220439
1522.82828480005,91.6988414039191,48.698841403919104
1523.75401628017,92.2395104924517,49.2395104924517
1524.6797477603,92.533377309745,49.533377309745006
1525.60547924042,92.0116257932012,49.011625793201205
1526.53121072054,92.5218346827309,49.5218346827309
1527.45694220066,91.5713795744928,48.571379574492795
1528.38267368078,91.6538149479237,48.653814947923706
1529.3084051609,91.760143733923,48.760143733923
1530.23413664103,91.9496333061178,48.9496333061178
1531.15986812115,92.2507279872277,49.250727987227705
1532.08559960127,92.257570754235,49.257570754235005
1533.01133108139,92.3729151873001,49.372915187300094
1533.93706256151,91.9164270979369,48.916427097936904
1534.86279404163,91.3208027448909,48.3208027448909
1535.78852552176,90.8990693388445,47.8990693388445
1536.71425700188,91.0867794984455,48.086779498445495
1537.639988482,91.3631087988136,48.3631087988136
1538.56571996212,91.6420786685594,48.64207866855941
1539.49145144224,91.3507705623599,48.3507705623599
1540.41718292236,91.2938430416333,48.293843041633295
1541.34291440248,90.9710008291601,47.971000829160104
1542.26864588261,91.11283979039641,48.11283979039641
1543.19437736273,90.9170018504314,47.917001850431404
1544.12010884285,90.9338569059912,47.933856905991206
1545.04584032297,92.6848451174311,49.684845117431095
1545.97157180309,92.1528761827707,49.1528761827707
1546.89730328321,91.822038289631,48.822038289630996
1547.82303476334,91.8086930100142,48.808693010014196
1548.74876624346,91.6557696032144,48.655769603214395
1549.67449772358,91.2480293728826,48.2480293728826
1550.6002292037,90.8487041834365,47.848704183436496
1551.52596068382,91.2202926769325,48.2202926769325
1552.45169216394,91.2875192393564,48.2875192393564
1553.37742364407,91.0941028986817,48.0941028986817
1554.30315512419,91.4811350663566,48.4811350663566
1555.22888660431,91.8476682393073,48.847668239307296
1556.15461808443,91.6387377721184,48.638737772118404
1557.08034956455,91.6534284713266,48.653428471326606
1558.00608104467,92.2188546358002,49.2188546358002
1558.9318125248,92.3228471874467,49.3228471874467
1559.85754400492,92.1222642997983,49.1222642997983
1560.78327548504,92.0948937202127,49.094893720212696
1561.70900696516,92.0794414064808,49.0794414064808
1562.63473844528,92.0778578252487,49.0778578252487
1563.5604699254,91.8796663255074,48.8796663255074
1564.48620140553,92.0083491618406,49.0083491618406
1565.41193288565,92.1435613576203,49.1435613576203
1566.33766436577,92.3320573976786,49.3320573976786
1567.26339584589,92.024191350373,49.024191350373
1568.18912732601,91.7708095225799,48.770809522579896
1569.11485880613,91.5282205792826,48.5282205792826
1570.04059028625,91.6120237821947,48.6120237821947
1570.96632176638,91.5715690942366,48.571569094236594
1571.8920532465,91.2650862696684,48.2650862696684
1572.81778472662,90.9513505895592,47.9513505895592
1573.74351620674,90.8520673807883,47.8520673807883
1574.66924768686,91.5725371325133,48.572537132513304
1575.59497916698,91.1425324683539,48.142532468353906
1576.52071064711,92.0051030561551,49.00510305615509
1577.44644212723,91.596916828779,48.596916828779
1578.37217360735,91.823364282841,48.823364282841
1579.29790508747,91.6392552696452,48.639255269645204
1580.22363656759,91.7383303188066,48.738330318806604
1581.14936804771,91.6490770927035,48.64907709270349
1582.07509952784,91.6966779112479,48.6966779112479
1583.00083100796,91.6519213822799,48.651921382279895
